Name,Price,Discount
WROGN,Rs. 1899,(Rs. 5600 OFF)
WROGN,Rs. 599,(73% OFF)
Mast & Harbour,Rs. 747,(66% OFF)
Skybags,Rs. 999,(70% OFF)
MANGO,Rs. 1165,(55% OFF)
Skybags,Rs. 999,(70% OFF)
Anouk,Rs. 886,(56% OFF)
Tommy Hilfiger,Rs. 4199,(Rs. 6200 OFF)
ALDO,,
Priority,Rs. 2149,(Rs. 4750 OFF)
ZOUK,Rs. 1849,(Rs. 3616 OFF)
DailyObjects,Rs. 1999,(50% OFF)
WROGN,Rs. 692,(80% OFF)
Nasher Miles,Rs. 2499,(82% OFF)
Puma,Rs. 773,(57% OFF)
Teakwood Leathers,Rs. 3349,(Rs. 26650 OFF)
ZOUK,Rs. 1599,(Rs. 3264 OFF)
StyleCast x Revolte,Rs. 1448,(54% OFF)
Converse,,
MIRAGGIO,Rs. 4529,(25% OFF)
Fastrack,Rs. 1160,(46% OFF)
HRX by Hrithik Roshan X fwd,Rs. 962,(73% OFF)
Chemistry,Rs. 1128,(73% OFF)
WROGN,Rs. 1699,(Rs. 8300 OFF)
Marks & Spencer,,
LOUIS POLO,Rs. 2249,(Rs. 10241 OFF)
Priority,Rs. 2149,(Rs. 4750 OFF)
Suo,Rs. 1367,(62% OFF)
AMERICAN TOURISTER,Rs. 2699,(62% OFF)
AMERICAN TOURISTER,Rs. 999,(Rs. 1501 OFF)
Mochi,Rs. 855,(57% OFF)
AMERICAN TOURISTER,Rs. 2799,(Rs. 4101 OFF)
GadgetBite,Rs. 599,(40% OFF)
ADIDAS,Rs. 1124,(55% OFF)
Skybags,Rs. 1899,(Rs. 3476 OFF)
Mast & Harbour,Rs. 2384,(55% OFF)
Mochi,Rs. 946,(62% OFF)
Alt by Zouk,Rs. 1214,(65% OFF)
HAMSTER LONDON,Rs. 981,(51% OFF)
Mochi,Rs. 1285,(57% OFF)
AMERICAN TOURISTER,Rs. 3299,(63% OFF)
Skybags,Rs. 850,(66% OFF)
uppercase,Rs. 999,(60% OFF)
ZOUK,Rs. 1799,(Rs. 3397 OFF)
Teakwood Leathers,Rs. 1249,(Rs. 8750 OFF)
VERAGE,,
Allen Solly,Rs. 1719,(60% OFF)
daisie,Rs. 1796,(31% OFF)
CULT,Rs. 299,(33% OFF)
STRUTT,Rs. 1709,(60% OFF)
